,n_ctx,max_tokens,prompt,response,response_text,time,host,model_id,filename,time_created,success
0,512,64,Q: Name all the planets in the solar system A:,"{'id': 'cmpl-3d8d13db-a813-4079-b7d0-89bace4499ee', 'object': 'text_completion', 'created': 1729376746, 'model': 'C:\\Users\\crossfire234\\.cache\\huggingface\\hub\\models--TheBloke--Mistral-7B-Instruct-v0.2-GGUF\\snapshots\\3a6fbf4a41a1d52e415a4958cde6856d34b2db93\\mistral-7b-instruct-v0.2.Q2_K.gguf', 'choices': [{'text': 'Q: Name all the planets in the solar system A: Here are the eight planets in our solar system, listed in order from the sun:\n\n1. Mercury: The smallest planet and closest to the sun.\n2. Venus: The second planet from the sun, known for its thick atmosphere and extreme temperature fluctuations.\n3. Earth: Our home planet', 'index': 0, 'logprobs': None, 'finish_reason': 'length'}], 'usage': {'prompt_tokens': 13, 'completion_tokens': 64, 'total_tokens': 77}}","Q: Name all the planets in the solar system A: Here are the eight planets in our solar system, listed in order from the sun:

1. Mercury: The smallest planet and closest to the sun.
2. Venus: The second planet from the sun, known for its thick atmosphere and extreme temperature fluctuations.
3. Earth: Our home planet",7.8060688972473145,desktop,TheBloke/Mistral-7B-Instruct-v0.2-GGUF,mistral-7b-instruct-v0.2.Q2_K.gguf,2024-10-19 18:41:01,False
1,512,128,Q: Name all the planets in the solar system A:,"{'id': 'cmpl-892083a7-687c-40d3-8399-1a0860aa3fca', 'object': 'text_completion', 'created': 1729376754, 'model': 'C:\\Users\\crossfire234\\.cache\\huggingface\\hub\\models--TheBloke--Mistral-7B-Instruct-v0.2-GGUF\\snapshots\\3a6fbf4a41a1d52e415a4958cde6856d34b2db93\\mistral-7b-instruct-v0.2.Q2_K.gguf', 'choices': [{'text': 'Q: Name all the planets in the solar system A: Here are the eight planets in our solar system, listed in order from the sun:\n\n1. Mercury: The smallest planet and closest to the sun.\n2. Venus: The second planet from the sun, known for its thick atmosphere and extreme temperature fluctuations.\n3. Earth: Our home planet, with liquid water on its surface and a stable climate.\n4. Mars: The fourth planet from the sun, known as the ""Red Planet"" due to its reddish appearance from iron oxide (rust).\n5. Jupiter: The fifth planet from the sun and the largest planet in the solar', 'index': 0, 'logprobs': None, 'finish_reason': 'length'}], 'usage': {'prompt_tokens': 13, 'completion_tokens': 128, 'total_tokens': 141}}","Q: Name all the planets in the solar system A: Here are the eight planets in our solar system, listed in order from the sun:

1. Mercury: The smallest planet and closest to the sun.
2. Venus: The second planet from the sun, known for its thick atmosphere and extreme temperature fluctuations.
3. Earth: Our home planet, with liquid water on its surface and a stable climate.
4. Mars: The fourth planet from the sun, known as the ""Red Planet"" due to its reddish appearance from iron oxide (rust).
5. Jupiter: The fifth planet from the sun and the largest planet in the solar",22.62487006187439,desktop,TheBloke/Mistral-7B-Instruct-v0.2-GGUF,mistral-7b-instruct-v0.2.Q2_K.gguf,2024-10-19 18:41:01,False
2,512,256,Q: Name all the planets in the solar system A:,"{'id': 'cmpl-edd4e124-3945-4791-b8ab-4d0f91e7efac', 'object': 'text_completion', 'created': 1729376769, 'model': 'C:\\Users\\crossfire234\\.cache\\huggingface\\hub\\models--TheBloke--Mistral-7B-Instruct-v0.2-GGUF\\snapshots\\3a6fbf4a41a1d52e415a4958cde6856d34b2db93\\mistral-7b-instruct-v0.2.Q2_K.gguf', 'choices': [{'text': 'Q: Name all the planets in the solar system A: Here are the eight planets in our solar system, listed in order from the sun:\n\n1. Mercury: The smallest planet and closest to the sun.\n2. Venus: The second planet from the sun, known for its thick atmosphere and extreme temperature fluctuations.\n3. Earth: Our home planet, with liquid water on its surface and a stable climate.\n4. Mars: The fourth planet from the sun, known as the ""Red Planet"" due to its reddish appearance from iron oxide (rust).\n5. Jupiter: The fifth planet from the sun and the largest planet in the solar system.\n6. Saturn: The sixth planet from the sun, known for its prominent ring system.\n7. Uranus: The seventh planet from the sun, with an axial tilt causing extreme seasons.\n8. Neptune: The eighth and farthest planet from the sun, known for its strong winds and extreme cold temperatures.', 'index': 0, 'logprobs': None, 'finish_reason': 'stop'}], 'usage': {'prompt_tokens': 13, 'completion_tokens': 202, 'total_tokens': 215}}","Q: Name all the planets in the solar system A: Here are the eight planets in our solar system, listed in order from the sun:

1. Mercury: The smallest planet and closest to the sun.
2. Venus: The second planet from the sun, known for its thick atmosphere and extreme temperature fluctuations.
3. Earth: Our home planet, with liquid water on its surface and a stable climate.
4. Mars: The fourth planet from the sun, known as the ""Red Planet"" due to its reddish appearance from iron oxide (rust).
5. Jupiter: The fifth planet from the sun and the largest planet in the solar system.
6. Saturn: The sixth planet from the sun, known for its prominent ring system.
7. Uranus: The seventh planet from the sun, with an axial tilt causing extreme seasons.
8. Neptune: The eighth and farthest planet from the sun, known for its strong winds and extreme cold temperatures.",45.77387046813965,desktop,TheBloke/Mistral-7B-Instruct-v0.2-GGUF,mistral-7b-instruct-v0.2.Q2_K.gguf,2024-10-19 18:41:01,True
3,512,512,Q: Name all the planets in the solar system A:,"{'id': 'cmpl-8876e444-ffe4-42b8-85d7-2508e5e05b2c', 'object': 'text_completion', 'created': 1729376792, 'model': 'C:\\Users\\crossfire234\\.cache\\huggingface\\hub\\models--TheBloke--Mistral-7B-Instruct-v0.2-GGUF\\snapshots\\3a6fbf4a41a1d52e415a4958cde6856d34b2db93\\mistral-7b-instruct-v0.2.Q2_K.gguf', 'choices': [{'text': 'Q: Name all the planets in the solar system A: Here are the eight planets in our solar system, listed in order from the sun:\n\n1. Mercury: The smallest planet and closest to the sun.\n2. Venus: The second planet from the sun, known for its thick atmosphere and extreme temperature fluctuations.\n3. Earth: Our home planet, with liquid water on its surface and a stable climate.\n4. Mars: The fourth planet from the sun, known as the ""Red Planet"" due to its reddish appearance from iron oxide (rust).\n5. Jupiter: The fifth planet from the sun and the largest planet in the solar system.\n6. Saturn: The sixth planet from the sun, known for its prominent ring system.\n7. Uranus: The seventh planet from the sun, with an axial tilt causing extreme seasons.\n8. Neptune: The eighth and farthest planet from the sun, known for its strong winds and extreme cold temperatures.', 'index': 0, 'logprobs': None, 'finish_reason': 'stop'}], 'usage': {'prompt_tokens': 13, 'completion_tokens': 202, 'total_tokens': 215}}","Q: Name all the planets in the solar system A: Here are the eight planets in our solar system, listed in order from the sun:

1. Mercury: The smallest planet and closest to the sun.
2. Venus: The second planet from the sun, known for its thick atmosphere and extreme temperature fluctuations.
3. Earth: Our home planet, with liquid water on its surface and a stable climate.
4. Mars: The fourth planet from the sun, known as the ""Red Planet"" due to its reddish appearance from iron oxide (rust).
5. Jupiter: The fifth planet from the sun and the largest planet in the solar system.
6. Saturn: The sixth planet from the sun, known for its prominent ring system.
7. Uranus: The seventh planet from the sun, with an axial tilt causing extreme seasons.
8. Neptune: The eighth and farthest planet from the sun, known for its strong winds and extreme cold temperatures.",68.73717761039734,desktop,TheBloke/Mistral-7B-Instruct-v0.2-GGUF,mistral-7b-instruct-v0.2.Q2_K.gguf,2024-10-19 18:41:01,True
4,512,1024,Q: Name all the planets in the solar system A:,"{'id': 'cmpl-f02f140c-7d9a-401d-8465-21533e868e8b', 'object': 'text_completion', 'created': 1729376815, 'model': 'C:\\Users\\crossfire234\\.cache\\huggingface\\hub\\models--TheBloke--Mistral-7B-Instruct-v0.2-GGUF\\snapshots\\3a6fbf4a41a1d52e415a4958cde6856d34b2db93\\mistral-7b-instruct-v0.2.Q2_K.gguf', 'choices': [{'text': 'Q: Name all the planets in the solar system A: Here are the eight planets in our solar system, listed in order from the sun:\n\n1. Mercury: The smallest planet and closest to the sun.\n2. Venus: The second planet from the sun, known for its thick atmosphere and extreme temperature fluctuations.\n3. Earth: Our home planet, with liquid water on its surface and a stable climate.\n4. Mars: The fourth planet from the sun, known as the ""Red Planet"" due to its reddish appearance from iron oxide (rust).\n5. Jupiter: The fifth planet from the sun and the largest planet in the solar system.\n6. Saturn: The sixth planet from the sun, known for its prominent ring system.\n7. Uranus: The seventh planet from the sun, with an axial tilt causing extreme seasons.\n8. Neptune: The eighth and farthest planet from the sun, known for its strong winds and extreme cold temperatures.', 'index': 0, 'logprobs': None, 'finish_reason': 'stop'}], 'usage': {'prompt_tokens': 13, 'completion_tokens': 202, 'total_tokens': 215}}","Q: Name all the planets in the solar system A: Here are the eight planets in our solar system, listed in order from the sun:

1. Mercury: The smallest planet and closest to the sun.
2. Venus: The second planet from the sun, known for its thick atmosphere and extreme temperature fluctuations.
3. Earth: Our home planet, with liquid water on its surface and a stable climate.
4. Mars: The fourth planet from the sun, known as the ""Red Planet"" due to its reddish appearance from iron oxide (rust).
5. Jupiter: The fifth planet from the sun and the largest planet in the solar system.
6. Saturn: The sixth planet from the sun, known for its prominent ring system.
7. Uranus: The seventh planet from the sun, with an axial tilt causing extreme seasons.
8. Neptune: The eighth and farthest planet from the sun, known for its strong winds and extreme cold temperatures.",91.69341659545898,desktop,TheBloke/Mistral-7B-Instruct-v0.2-GGUF,mistral-7b-instruct-v0.2.Q2_K.gguf,2024-10-19 18:41:01,True
5,512,2048,Q: Name all the planets in the solar system A:,"{'id': 'cmpl-af95e64b-9133-41b4-8b33-57eaad1843b7', 'object': 'text_completion', 'created': 1729376838, 'model': 'C:\\Users\\crossfire234\\.cache\\huggingface\\hub\\models--TheBloke--Mistral-7B-Instruct-v0.2-GGUF\\snapshots\\3a6fbf4a41a1d52e415a4958cde6856d34b2db93\\mistral-7b-instruct-v0.2.Q2_K.gguf', 'choices': [{'text': 'Q: Name all the planets in the solar system A: Here are the eight planets in our solar system, listed in order from the sun:\n\n1. Mercury: The smallest planet and closest to the sun.\n2. Venus: The second planet from the sun, known for its thick atmosphere and extreme temperature fluctuations.\n3. Earth: Our home planet, with liquid water on its surface and a stable climate.\n4. Mars: The fourth planet from the sun, known as the ""Red Planet"" due to its reddish appearance from iron oxide (rust).\n5. Jupiter: The fifth planet from the sun and the largest planet in the solar system.\n6. Saturn: The sixth planet from the sun, known for its prominent ring system.\n7. Uranus: The seventh planet from the sun, with an axial tilt causing extreme seasons.\n8. Neptune: The eighth and farthest planet from the sun, known for its strong winds and extreme cold temperatures.', 'index': 0, 'logprobs': None, 'finish_reason': 'stop'}], 'usage': {'prompt_tokens': 13, 'completion_tokens': 202, 'total_tokens': 215}}","Q: Name all the planets in the solar system A: Here are the eight planets in our solar system, listed in order from the sun:

1. Mercury: The smallest planet and closest to the sun.
2. Venus: The second planet from the sun, known for its thick atmosphere and extreme temperature fluctuations.
3. Earth: Our home planet, with liquid water on its surface and a stable climate.
4. Mars: The fourth planet from the sun, known as the ""Red Planet"" due to its reddish appearance from iron oxide (rust).
5. Jupiter: The fifth planet from the sun and the largest planet in the solar system.
6. Saturn: The sixth planet from the sun, known for its prominent ring system.
7. Uranus: The seventh planet from the sun, with an axial tilt causing extreme seasons.
8. Neptune: The eighth and farthest planet from the sun, known for its strong winds and extreme cold temperatures.",114.79803228378296,desktop,TheBloke/Mistral-7B-Instruct-v0.2-GGUF,mistral-7b-instruct-v0.2.Q2_K.gguf,2024-10-19 18:41:01,True
6,1024,64,Q: Name all the planets in the solar system A:,"{'id': 'cmpl-3a3f1f2e-5c23-4531-b37f-afbf7d6d571c', 'object': 'text_completion', 'created': 1729376861, 'model': 'C:\\Users\\crossfire234\\.cache\\huggingface\\hub\\models--TheBloke--Mistral-7B-Instruct-v0.2-GGUF\\snapshots\\3a6fbf4a41a1d52e415a4958cde6856d34b2db93\\mistral-7b-instruct-v0.2.Q2_K.gguf', 'choices': [{'text': 'Q: Name all the planets in the solar system A: Here are the eight planets in our solar system, listed in order from the sun:\n\n1. Mercury: The smallest planet and closest to the sun.\n2. Venus: The second planet from the sun, known for its thick atmosphere and extreme temperature fluctuations.\n3. Earth: Our home planet', 'index': 0, 'logprobs': None, 'finish_reason': 'length'}], 'usage': {'prompt_tokens': 13, 'completion_tokens': 64, 'total_tokens': 77}}","Q: Name all the planets in the solar system A: Here are the eight planets in our solar system, listed in order from the sun:

1. Mercury: The smallest planet and closest to the sun.
2. Venus: The second planet from the sun, known for its thick atmosphere and extreme temperature fluctuations.
3. Earth: Our home planet",7.973039388656616,desktop,TheBloke/Mistral-7B-Instruct-v0.2-GGUF,mistral-7b-instruct-v0.2.Q2_K.gguf,2024-10-19 18:41:01,False
7,1024,128,Q: Name all the planets in the solar system A:,"{'id': 'cmpl-e7b4fa43-7c9d-4a9c-9082-8a39208395bf', 'object': 'text_completion', 'created': 1729376869, 'model': 'C:\\Users\\crossfire234\\.cache\\huggingface\\hub\\models--TheBloke--Mistral-7B-Instruct-v0.2-GGUF\\snapshots\\3a6fbf4a41a1d52e415a4958cde6856d34b2db93\\mistral-7b-instruct-v0.2.Q2_K.gguf', 'choices': [{'text': 'Q: Name all the planets in the solar system A: Here are the eight planets in our solar system, listed in order from the sun:\n\n1. Mercury: The smallest planet and closest to the sun.\n2. Venus: The second planet from the sun, known for its thick atmosphere and extreme temperature fluctuations.\n3. Earth: Our home planet, with liquid water on its surface and a stable climate.\n4. Mars: The fourth planet from the sun, known as the ""Red Planet"" due to its reddish appearance from iron oxide (rust).\n5. Jupiter: The fifth planet from the sun and the largest planet in the solar', 'index': 0, 'logprobs': None, 'finish_reason': 'length'}], 'usage': {'prompt_tokens': 13, 'completion_tokens': 128, 'total_tokens': 141}}","Q: Name all the planets in the solar system A: Here are the eight planets in our solar system, listed in order from the sun:

1. Mercury: The smallest planet and closest to the sun.
2. Venus: The second planet from the sun, known for its thick atmosphere and extreme temperature fluctuations.
3. Earth: Our home planet, with liquid water on its surface and a stable climate.
4. Mars: The fourth planet from the sun, known as the ""Red Planet"" due to its reddish appearance from iron oxide (rust).
5. Jupiter: The fifth planet from the sun and the largest planet in the solar",22.731648206710815,desktop,TheBloke/Mistral-7B-Instruct-v0.2-GGUF,mistral-7b-instruct-v0.2.Q2_K.gguf,2024-10-19 18:41:01,False
8,1024,256,Q: Name all the planets in the solar system A:,"{'id': 'cmpl-5305f60c-36ad-480c-b97a-7b57dfac3142', 'object': 'text_completion', 'created': 1729376884, 'model': 'C:\\Users\\crossfire234\\.cache\\huggingface\\hub\\models--TheBloke--Mistral-7B-Instruct-v0.2-GGUF\\snapshots\\3a6fbf4a41a1d52e415a4958cde6856d34b2db93\\mistral-7b-instruct-v0.2.Q2_K.gguf', 'choices': [{'text': 'Q: Name all the planets in the solar system A: Here are the eight planets in our solar system, listed in order from the sun:\n\n1. Mercury: The smallest planet and closest to the sun.\n2. Venus: The second planet from the sun, known for its thick atmosphere and extreme temperature fluctuations.\n3. Earth: Our home planet, with liquid water on its surface and a stable climate.\n4. Mars: The fourth planet from the sun, known as the ""Red Planet"" due to its reddish appearance from iron oxide (rust).\n5. Jupiter: The fifth planet from the sun and the largest planet in the solar system.\n6. Saturn: The sixth planet from the sun, known for its prominent ring system.\n7. Uranus: The seventh planet from the sun, with an axial tilt causing extreme seasons.\n8. Neptune: The eighth and farthest planet from the sun, known for its strong winds and extreme cold temperatures.', 'index': 0, 'logprobs': None, 'finish_reason': 'stop'}], 'usage': {'prompt_tokens': 13, 'completion_tokens': 202, 'total_tokens': 215}}","Q: Name all the planets in the solar system A: Here are the eight planets in our solar system, listed in order from the sun:

1. Mercury: The smallest planet and closest to the sun.
2. Venus: The second planet from the sun, known for its thick atmosphere and extreme temperature fluctuations.
3. Earth: Our home planet, with liquid water on its surface and a stable climate.
4. Mars: The fourth planet from the sun, known as the ""Red Planet"" due to its reddish appearance from iron oxide (rust).
5. Jupiter: The fifth planet from the sun and the largest planet in the solar system.
6. Saturn: The sixth planet from the sun, known for its prominent ring system.
7. Uranus: The seventh planet from the sun, with an axial tilt causing extreme seasons.
8. Neptune: The eighth and farthest planet from the sun, known for its strong winds and extreme cold temperatures.",45.781798362731934,desktop,TheBloke/Mistral-7B-Instruct-v0.2-GGUF,mistral-7b-instruct-v0.2.Q2_K.gguf,2024-10-19 18:41:01,True
9,1024,512,Q: Name all the planets in the solar system A:,"{'id': 'cmpl-3287d017-8e6a-4e74-a377-eb0dabfbf0e9', 'object': 'text_completion', 'created': 1729376907, 'model': 'C:\\Users\\crossfire234\\.cache\\huggingface\\hub\\models--TheBloke--Mistral-7B-Instruct-v0.2-GGUF\\snapshots\\3a6fbf4a41a1d52e415a4958cde6856d34b2db93\\mistral-7b-instruct-v0.2.Q2_K.gguf', 'choices': [{'text': 'Q: Name all the planets in the solar system A: Here are the eight planets in our solar system, listed in order from the sun:\n\n1. Mercury: The smallest planet and closest to the sun.\n2. Venus: The second planet from the sun, known for its thick atmosphere and extreme temperature fluctuations.\n3. Earth: Our home planet, with liquid water on its surface and a stable climate.\n4. Mars: The fourth planet from the sun, known as the ""Red Planet"" due to its reddish appearance from iron oxide (rust).\n5. Jupiter: The fifth planet from the sun and the largest planet in the solar system.\n6. Saturn: The sixth planet from the sun, known for its prominent ring system.\n7. Uranus: The seventh planet from the sun, with an axial tilt causing extreme seasons.\n8. Neptune: The eighth and farthest planet from the sun, known for its strong winds and extreme cold temperatures.', 'index': 0, 'logprobs': None, 'finish_reason': 'stop'}], 'usage': {'prompt_tokens': 13, 'completion_tokens': 202, 'total_tokens': 215}}","Q: Name all the planets in the solar system A: Here are the eight planets in our solar system, listed in order from the sun:

1. Mercury: The smallest planet and closest to the sun.
2. Venus: The second planet from the sun, known for its thick atmosphere and extreme temperature fluctuations.
3. Earth: Our home planet, with liquid water on its surface and a stable climate.
4. Mars: The fourth planet from the sun, known as the ""Red Planet"" due to its reddish appearance from iron oxide (rust).
5. Jupiter: The fifth planet from the sun and the largest planet in the solar system.
6. Saturn: The sixth planet from the sun, known for its prominent ring system.
7. Uranus: The seventh planet from the sun, with an axial tilt causing extreme seasons.
8. Neptune: The eighth and farthest planet from the sun, known for its strong winds and extreme cold temperatures.",68.81962323188782,desktop,TheBloke/Mistral-7B-Instruct-v0.2-GGUF,mistral-7b-instruct-v0.2.Q2_K.gguf,2024-10-19 18:41:01,True
10,1024,1024,Q: Name all the planets in the solar system A:,"{'id': 'cmpl-3735007d-581f-427c-a55e-fe8ce74e9760', 'object': 'text_completion', 'created': 1729376930, 'model': 'C:\\Users\\crossfire234\\.cache\\huggingface\\hub\\models--TheBloke--Mistral-7B-Instruct-v0.2-GGUF\\snapshots\\3a6fbf4a41a1d52e415a4958cde6856d34b2db93\\mistral-7b-instruct-v0.2.Q2_K.gguf', 'choices': [{'text': 'Q: Name all the planets in the solar system A: Here are the eight planets in our solar system, listed in order from the sun:\n\n1. Mercury: The smallest planet and closest to the sun.\n2. Venus: The second planet from the sun, known for its thick atmosphere and extreme temperature fluctuations.\n3. Earth: Our home planet, with liquid water on its surface and a stable climate.\n4. Mars: The fourth planet from the sun, known as the ""Red Planet"" due to its reddish appearance from iron oxide (rust).\n5. Jupiter: The fifth planet from the sun and the largest planet in the solar system.\n6. Saturn: The sixth planet from the sun, known for its prominent ring system.\n7. Uranus: The seventh planet from the sun, with an axial tilt causing extreme seasons.\n8. Neptune: The eighth and farthest planet from the sun, known for its strong winds and extreme cold temperatures.', 'index': 0, 'logprobs': None, 'finish_reason': 'stop'}], 'usage': {'prompt_tokens': 13, 'completion_tokens': 202, 'total_tokens': 215}}","Q: Name all the planets in the solar system A: Here are the eight planets in our solar system, listed in order from the sun:

1. Mercury: The smallest planet and closest to the sun.
2. Venus: The second planet from the sun, known for its thick atmosphere and extreme temperature fluctuations.
3. Earth: Our home planet, with liquid water on its surface and a stable climate.
4. Mars: The fourth planet from the sun, known as the ""Red Planet"" due to its reddish appearance from iron oxide (rust).
5. Jupiter: The fifth planet from the sun and the largest planet in the solar system.
6. Saturn: The sixth planet from the sun, known for its prominent ring system.
7. Uranus: The seventh planet from the sun, with an axial tilt causing extreme seasons.
8. Neptune: The eighth and farthest planet from the sun, known for its strong winds and extreme cold temperatures.",91.76311707496643,desktop,TheBloke/Mistral-7B-Instruct-v0.2-GGUF,mistral-7b-instruct-v0.2.Q2_K.gguf,2024-10-19 18:41:01,True
11,1024,2048,Q: Name all the planets in the solar system A:,"{'id': 'cmpl-8bf69e79-fe39-43f8-ab51-2742c23476df', 'object': 'text_completion', 'created': 1729376953, 'model': 'C:\\Users\\crossfire234\\.cache\\huggingface\\hub\\models--TheBloke--Mistral-7B-Instruct-v0.2-GGUF\\snapshots\\3a6fbf4a41a1d52e415a4958cde6856d34b2db93\\mistral-7b-instruct-v0.2.Q2_K.gguf', 'choices': [{'text': 'Q: Name all the planets in the solar system A: Here are the eight planets in our solar system, listed in order from the sun:\n\n1. Mercury: The smallest planet and closest to the sun.\n2. Venus: The second planet from the sun, known for its thick atmosphere and extreme temperature fluctuations.\n3. Earth: Our home planet, with liquid water on its surface and a stable climate.\n4. Mars: The fourth planet from the sun, known as the ""Red Planet"" due to its reddish appearance from iron oxide (rust).\n5. Jupiter: The fifth planet from the sun and the largest planet in the solar system.\n6. Saturn: The sixth planet from the sun, known for its prominent ring system.\n7. Uranus: The seventh planet from the sun, with an axial tilt causing extreme seasons.\n8. Neptune: The eighth and farthest planet from the sun, known for its strong winds and extreme cold temperatures.', 'index': 0, 'logprobs': None, 'finish_reason': 'stop'}], 'usage': {'prompt_tokens': 13, 'completion_tokens': 202, 'total_tokens': 215}}","Q: Name all the planets in the solar system A: Here are the eight planets in our solar system, listed in order from the sun:

1. Mercury: The smallest planet and closest to the sun.
2. Venus: The second planet from the sun, known for its thick atmosphere and extreme temperature fluctuations.
3. Earth: Our home planet, with liquid water on its surface and a stable climate.
4. Mars: The fourth planet from the sun, known as the ""Red Planet"" due to its reddish appearance from iron oxide (rust).
5. Jupiter: The fifth planet from the sun and the largest planet in the solar system.
6. Saturn: The sixth planet from the sun, known for its prominent ring system.
7. Uranus: The seventh planet from the sun, with an axial tilt causing extreme seasons.
8. Neptune: The eighth and farthest planet from the sun, known for its strong winds and extreme cold temperatures.",114.71688604354858,desktop,TheBloke/Mistral-7B-Instruct-v0.2-GGUF,mistral-7b-instruct-v0.2.Q2_K.gguf,2024-10-19 18:41:01,True
12,2048,64,Q: Name all the planets in the solar system A:,"{'id': 'cmpl-507d6b21-29a4-4445-b0fb-6b8b17b4bfcf', 'object': 'text_completion', 'created': 1729376976, 'model': 'C:\\Users\\crossfire234\\.cache\\huggingface\\hub\\models--TheBloke--Mistral-7B-Instruct-v0.2-GGUF\\snapshots\\3a6fbf4a41a1d52e415a4958cde6856d34b2db93\\mistral-7b-instruct-v0.2.Q2_K.gguf', 'choices': [{'text': 'Q: Name all the planets in the solar system A: Here are the eight planets in our solar system, listed in order from the sun:\n\n1. Mercury: The smallest planet and closest to the sun.\n2. Venus: The second planet from the sun, known for its thick atmosphere and extreme temperature fluctuations.\n3. Earth: Our home planet', 'index': 0, 'logprobs': None, 'finish_reason': 'length'}], 'usage': {'prompt_tokens': 13, 'completion_tokens': 64, 'total_tokens': 77}}","Q: Name all the planets in the solar system A: Here are the eight planets in our solar system, listed in order from the sun:

1. Mercury: The smallest planet and closest to the sun.
2. Venus: The second planet from the sun, known for its thick atmosphere and extreme temperature fluctuations.
3. Earth: Our home planet",7.870052337646484,desktop,TheBloke/Mistral-7B-Instruct-v0.2-GGUF,mistral-7b-instruct-v0.2.Q2_K.gguf,2024-10-19 18:41:01,False
13,2048,128,Q: Name all the planets in the solar system A:,"{'id': 'cmpl-e7e29b89-b1c2-4796-88e7-7b3886c502a2', 'object': 'text_completion', 'created': 1729376984, 'model': 'C:\\Users\\crossfire234\\.cache\\huggingface\\hub\\models--TheBloke--Mistral-7B-Instruct-v0.2-GGUF\\snapshots\\3a6fbf4a41a1d52e415a4958cde6856d34b2db93\\mistral-7b-instruct-v0.2.Q2_K.gguf', 'choices': [{'text': 'Q: Name all the planets in the solar system A: Here are the eight planets in our solar system, listed in order from the sun:\n\n1. Mercury: The smallest planet and closest to the sun.\n2. Venus: The second planet from the sun, known for its thick atmosphere and extreme temperature fluctuations.\n3. Earth: Our home planet, with liquid water on its surface and a stable climate.\n4. Mars: The fourth planet from the sun, known as the ""Red Planet"" due to its reddish appearance from iron oxide (rust).\n5. Jupiter: The fifth planet from the sun and the largest planet in the solar', 'index': 0, 'logprobs': None, 'finish_reason': 'length'}], 'usage': {'prompt_tokens': 13, 'completion_tokens': 128, 'total_tokens': 141}}","Q: Name all the planets in the solar system A: Here are the eight planets in our solar system, listed in order from the sun:

1. Mercury: The smallest planet and closest to the sun.
2. Venus: The second planet from the sun, known for its thick atmosphere and extreme temperature fluctuations.
3. Earth: Our home planet, with liquid water on its surface and a stable climate.
4. Mars: The fourth planet from the sun, known as the ""Red Planet"" due to its reddish appearance from iron oxide (rust).
5. Jupiter: The fifth planet from the sun and the largest planet in the solar",22.72745966911316,desktop,TheBloke/Mistral-7B-Instruct-v0.2-GGUF,mistral-7b-instruct-v0.2.Q2_K.gguf,2024-10-19 18:41:01,False
14,2048,256,Q: Name all the planets in the solar system A:,"{'id': 'cmpl-b79b9d31-75ee-41c7-9405-9845c6306f2d', 'object': 'text_completion', 'created': 1729376999, 'model': 'C:\\Users\\crossfire234\\.cache\\huggingface\\hub\\models--TheBloke--Mistral-7B-Instruct-v0.2-GGUF\\snapshots\\3a6fbf4a41a1d52e415a4958cde6856d34b2db93\\mistral-7b-instruct-v0.2.Q2_K.gguf', 'choices': [{'text': 'Q: Name all the planets in the solar system A: Here are the eight planets in our solar system, listed in order from the sun:\n\n1. Mercury: The smallest planet and closest to the sun.\n2. Venus: The second planet from the sun, known for its thick atmosphere and extreme temperature fluctuations.\n3. Earth: Our home planet, with liquid water on its surface and a stable climate.\n4. Mars: The fourth planet from the sun, known as the ""Red Planet"" due to its reddish appearance from iron oxide (rust).\n5. Jupiter: The fifth planet from the sun and the largest planet in the solar system.\n6. Saturn: The sixth planet from the sun, known for its prominent ring system.\n7. Uranus: The seventh planet from the sun, with an axial tilt causing extreme seasons.\n8. Neptune: The eighth and farthest planet from the sun, known for its strong winds and extreme cold temperatures.', 'index': 0, 'logprobs': None, 'finish_reason': 'stop'}], 'usage': {'prompt_tokens': 13, 'completion_tokens': 202, 'total_tokens': 215}}","Q: Name all the planets in the solar system A: Here are the eight planets in our solar system, listed in order from the sun:

1. Mercury: The smallest planet and closest to the sun.
2. Venus: The second planet from the sun, known for its thick atmosphere and extreme temperature fluctuations.
3. Earth: Our home planet, with liquid water on its surface and a stable climate.
4. Mars: The fourth planet from the sun, known as the ""Red Planet"" due to its reddish appearance from iron oxide (rust).
5. Jupiter: The fifth planet from the sun and the largest planet in the solar system.
6. Saturn: The sixth planet from the sun, known for its prominent ring system.
7. Uranus: The seventh planet from the sun, with an axial tilt causing extreme seasons.
8. Neptune: The eighth and farthest planet from the sun, known for its strong winds and extreme cold temperatures.",45.78089141845703,desktop,TheBloke/Mistral-7B-Instruct-v0.2-GGUF,mistral-7b-instruct-v0.2.Q2_K.gguf,2024-10-19 18:41:01,True
15,2048,512,Q: Name all the planets in the solar system A:,"{'id': 'cmpl-50a23e15-bbdc-426a-b73b-8b77318ca95d', 'object': 'text_completion', 'created': 1729377022, 'model': 'C:\\Users\\crossfire234\\.cache\\huggingface\\hub\\models--TheBloke--Mistral-7B-Instruct-v0.2-GGUF\\snapshots\\3a6fbf4a41a1d52e415a4958cde6856d34b2db93\\mistral-7b-instruct-v0.2.Q2_K.gguf', 'choices': [{'text': 'Q: Name all the planets in the solar system A: Here are the eight planets in our solar system, listed in order from the sun:\n\n1. Mercury: The smallest planet and closest to the sun.\n2. Venus: The second planet from the sun, known for its thick atmosphere and extreme temperature fluctuations.\n3. Earth: Our home planet, with liquid water on its surface and a stable climate.\n4. Mars: The fourth planet from the sun, known as the ""Red Planet"" due to its reddish appearance from iron oxide (rust).\n5. Jupiter: The fifth planet from the sun and the largest planet in the solar system.\n6. Saturn: The sixth planet from the sun, known for its prominent ring system.\n7. Uranus: The seventh planet from the sun, with an axial tilt causing extreme seasons.\n8. Neptune: The eighth and farthest planet from the sun, known for its strong winds and extreme cold temperatures.', 'index': 0, 'logprobs': None, 'finish_reason': 'stop'}], 'usage': {'prompt_tokens': 13, 'completion_tokens': 202, 'total_tokens': 215}}","Q: Name all the planets in the solar system A: Here are the eight planets in our solar system, listed in order from the sun:

1. Mercury: The smallest planet and closest to the sun.
2. Venus: The second planet from the sun, known for its thick atmosphere and extreme temperature fluctuations.
3. Earth: Our home planet, with liquid water on its surface and a stable climate.
4. Mars: The fourth planet from the sun, known as the ""Red Planet"" due to its reddish appearance from iron oxide (rust).
5. Jupiter: The fifth planet from the sun and the largest planet in the solar system.
6. Saturn: The sixth planet from the sun, known for its prominent ring system.
7. Uranus: The seventh planet from the sun, with an axial tilt causing extreme seasons.
8. Neptune: The eighth and farthest planet from the sun, known for its strong winds and extreme cold temperatures.",68.8949043750763,desktop,TheBloke/Mistral-7B-Instruct-v0.2-GGUF,mistral-7b-instruct-v0.2.Q2_K.gguf,2024-10-19 18:41:01,True
16,2048,1024,Q: Name all the planets in the solar system A:,"{'id': 'cmpl-9c981be2-465c-4c4f-96aa-7c3bde189a3f', 'object': 'text_completion', 'created': 1729377045, 'model': 'C:\\Users\\crossfire234\\.cache\\huggingface\\hub\\models--TheBloke--Mistral-7B-Instruct-v0.2-GGUF\\snapshots\\3a6fbf4a41a1d52e415a4958cde6856d34b2db93\\mistral-7b-instruct-v0.2.Q2_K.gguf', 'choices': [{'text': 'Q: Name all the planets in the solar system A: Here are the eight planets in our solar system, listed in order from the sun:\n\n1. Mercury: The smallest planet and closest to the sun.\n2. Venus: The second planet from the sun, known for its thick atmosphere and extreme temperature fluctuations.\n3. Earth: Our home planet, with liquid water on its surface and a stable climate.\n4. Mars: The fourth planet from the sun, known as the ""Red Planet"" due to its reddish appearance from iron oxide (rust).\n5. Jupiter: The fifth planet from the sun and the largest planet in the solar system.\n6. Saturn: The sixth planet from the sun, known for its prominent ring system.\n7. Uranus: The seventh planet from the sun, with an axial tilt causing extreme seasons.\n8. Neptune: The eighth and farthest planet from the sun, known for its strong winds and extreme cold temperatures.', 'index': 0, 'logprobs': None, 'finish_reason': 'stop'}], 'usage': {'prompt_tokens': 13, 'completion_tokens': 202, 'total_tokens': 215}}","Q: Name all the planets in the solar system A: Here are the eight planets in our solar system, listed in order from the sun:

1. Mercury: The smallest planet and closest to the sun.
2. Venus: The second planet from the sun, known for its thick atmosphere and extreme temperature fluctuations.
3. Earth: Our home planet, with liquid water on its surface and a stable climate.
4. Mars: The fourth planet from the sun, known as the ""Red Planet"" due to its reddish appearance from iron oxide (rust).
5. Jupiter: The fifth planet from the sun and the largest planet in the solar system.
6. Saturn: The sixth planet from the sun, known for its prominent ring system.
7. Uranus: The seventh planet from the sun, with an axial tilt causing extreme seasons.
8. Neptune: The eighth and farthest planet from the sun, known for its strong winds and extreme cold temperatures.",91.93178629875183,desktop,TheBloke/Mistral-7B-Instruct-v0.2-GGUF,mistral-7b-instruct-v0.2.Q2_K.gguf,2024-10-19 18:41:01,True
17,2048,2048,Q: Name all the planets in the solar system A:,"{'id': 'cmpl-6c161165-5382-4b42-854d-89ccb791b80f', 'object': 'text_completion', 'created': 1729377068, 'model': 'C:\\Users\\crossfire234\\.cache\\huggingface\\hub\\models--TheBloke--Mistral-7B-Instruct-v0.2-GGUF\\snapshots\\3a6fbf4a41a1d52e415a4958cde6856d34b2db93\\mistral-7b-instruct-v0.2.Q2_K.gguf', 'choices': [{'text': 'Q: Name all the planets in the solar system A: Here are the eight planets in our solar system, listed in order from the sun:\n\n1. Mercury: The smallest planet and closest to the sun.\n2. Venus: The second planet from the sun, known for its thick atmosphere and extreme temperature fluctuations.\n3. Earth: Our home planet, with liquid water on its surface and a stable climate.\n4. Mars: The fourth planet from the sun, known as the ""Red Planet"" due to its reddish appearance from iron oxide (rust).\n5. Jupiter: The fifth planet from the sun and the largest planet in the solar system.\n6. Saturn: The sixth planet from the sun, known for its prominent ring system.\n7. Uranus: The seventh planet from the sun, with an axial tilt causing extreme seasons.\n8. Neptune: The eighth and farthest planet from the sun, known for its strong winds and extreme cold temperatures.', 'index': 0, 'logprobs': None, 'finish_reason': 'stop'}], 'usage': {'prompt_tokens': 13, 'completion_tokens': 202, 'total_tokens': 215}}","Q: Name all the planets in the solar system A: Here are the eight planets in our solar system, listed in order from the sun:

1. Mercury: The smallest planet and closest to the sun.
2. Venus: The second planet from the sun, known for its thick atmosphere and extreme temperature fluctuations.
3. Earth: Our home planet, with liquid water on its surface and a stable climate.
4. Mars: The fourth planet from the sun, known as the ""Red Planet"" due to its reddish appearance from iron oxide (rust).
5. Jupiter: The fifth planet from the sun and the largest planet in the solar system.
6. Saturn: The sixth planet from the sun, known for its prominent ring system.
7. Uranus: The seventh planet from the sun, with an axial tilt causing extreme seasons.
8. Neptune: The eighth and farthest planet from the sun, known for its strong winds and extreme cold temperatures.",114.92853832244873,desktop,TheBloke/Mistral-7B-Instruct-v0.2-GGUF,mistral-7b-instruct-v0.2.Q2_K.gguf,2024-10-19 18:41:01,True
18,4096,64,Q: Name all the planets in the solar system A:,"{'id': 'cmpl-87e87682-8fb2-4a1a-af7c-106b2037dd7a', 'object': 'text_completion', 'created': 1729377091, 'model': 'C:\\Users\\crossfire234\\.cache\\huggingface\\hub\\models--TheBloke--Mistral-7B-Instruct-v0.2-GGUF\\snapshots\\3a6fbf4a41a1d52e415a4958cde6856d34b2db93\\mistral-7b-instruct-v0.2.Q2_K.gguf', 'choices': [{'text': 'Q: Name all the planets in the solar system A: Here are the eight planets in our solar system, listed in order from the sun:\n\n1. Mercury: The smallest planet and closest to the sun.\n2. Venus: The second planet from the sun, known for its thick atmosphere and extreme temperature fluctuations.\n3. Earth: Our home planet', 'index': 0, 'logprobs': None, 'finish_reason': 'length'}], 'usage': {'prompt_tokens': 13, 'completion_tokens': 64, 'total_tokens': 77}}","Q: Name all the planets in the solar system A: Here are the eight planets in our solar system, listed in order from the sun:

1. Mercury: The smallest planet and closest to the sun.
2. Venus: The second planet from the sun, known for its thick atmosphere and extreme temperature fluctuations.
3. Earth: Our home planet",7.946520090103149,desktop,TheBloke/Mistral-7B-Instruct-v0.2-GGUF,mistral-7b-instruct-v0.2.Q2_K.gguf,2024-10-19 18:41:01,False
19,4096,128,Q: Name all the planets in the solar system A:,"{'id': 'cmpl-aa86cff6-1f33-4d39-b83b-76e8401bb2ab', 'object': 'text_completion', 'created': 1729377099, 'model': 'C:\\Users\\crossfire234\\.cache\\huggingface\\hub\\models--TheBloke--Mistral-7B-Instruct-v0.2-GGUF\\snapshots\\3a6fbf4a41a1d52e415a4958cde6856d34b2db93\\mistral-7b-instruct-v0.2.Q2_K.gguf', 'choices': [{'text': 'Q: Name all the planets in the solar system A: Here are the eight planets in our solar system, listed in order from the sun:\n\n1. Mercury: The smallest planet and closest to the sun.\n2. Venus: The second planet from the sun, known for its thick atmosphere and extreme temperature fluctuations.\n3. Earth: Our home planet, with liquid water on its surface and a stable climate.\n4. Mars: The fourth planet from the sun, known as the ""Red Planet"" due to its reddish appearance from iron oxide (rust).\n5. Jupiter: The fifth planet from the sun and the largest planet in the solar', 'index': 0, 'logprobs': None, 'finish_reason': 'length'}], 'usage': {'prompt_tokens': 13, 'completion_tokens': 128, 'total_tokens': 141}}","Q: Name all the planets in the solar system A: Here are the eight planets in our solar system, listed in order from the sun:

1. Mercury: The smallest planet and closest to the sun.
2. Venus: The second planet from the sun, known for its thick atmosphere and extreme temperature fluctuations.
3. Earth: Our home planet, with liquid water on its surface and a stable climate.
4. Mars: The fourth planet from the sun, known as the ""Red Planet"" due to its reddish appearance from iron oxide (rust).
5. Jupiter: The fifth planet from the sun and the largest planet in the solar",22.84521222114563,desktop,TheBloke/Mistral-7B-Instruct-v0.2-GGUF,mistral-7b-instruct-v0.2.Q2_K.gguf,2024-10-19 18:41:01,False
20,4096,256,Q: Name all the planets in the solar system A:,"{'id': 'cmpl-17494770-11c3-42bc-822c-58a51c276d44', 'object': 'text_completion', 'created': 1729377114, 'model': 'C:\\Users\\crossfire234\\.cache\\huggingface\\hub\\models--TheBloke--Mistral-7B-Instruct-v0.2-GGUF\\snapshots\\3a6fbf4a41a1d52e415a4958cde6856d34b2db93\\mistral-7b-instruct-v0.2.Q2_K.gguf', 'choices': [{'text': 'Q: Name all the planets in the solar system A: Here are the eight planets in our solar system, listed in order from the sun:\n\n1. Mercury: The smallest planet and closest to the sun.\n2. Venus: The second planet from the sun, known for its thick atmosphere and extreme temperature fluctuations.\n3. Earth: Our home planet, with liquid water on its surface and a stable climate.\n4. Mars: The fourth planet from the sun, known as the ""Red Planet"" due to its reddish appearance from iron oxide (rust).\n5. Jupiter: The fifth planet from the sun and the largest planet in the solar system.\n6. Saturn: The sixth planet from the sun, known for its prominent ring system.\n7. Uranus: The seventh planet from the sun, with an axial tilt causing extreme seasons.\n8. Neptune: The eighth and farthest planet from the sun, known for its strong winds and extreme cold temperatures.', 'index': 0, 'logprobs': None, 'finish_reason': 'stop'}], 'usage': {'prompt_tokens': 13, 'completion_tokens': 202, 'total_tokens': 215}}","Q: Name all the planets in the solar system A: Here are the eight planets in our solar system, listed in order from the sun:

1. Mercury: The smallest planet and closest to the sun.
2. Venus: The second planet from the sun, known for its thick atmosphere and extreme temperature fluctuations.
3. Earth: Our home planet, with liquid water on its surface and a stable climate.
4. Mars: The fourth planet from the sun, known as the ""Red Planet"" due to its reddish appearance from iron oxide (rust).
5. Jupiter: The fifth planet from the sun and the largest planet in the solar system.
6. Saturn: The sixth planet from the sun, known for its prominent ring system.
7. Uranus: The seventh planet from the sun, with an axial tilt causing extreme seasons.
8. Neptune: The eighth and farthest planet from the sun, known for its strong winds and extreme cold temperatures.",46.01688504219055,desktop,TheBloke/Mistral-7B-Instruct-v0.2-GGUF,mistral-7b-instruct-v0.2.Q2_K.gguf,2024-10-19 18:41:01,True
21,4096,512,Q: Name all the planets in the solar system A:,"{'id': 'cmpl-425b13e6-780d-44b5-83bf-f2f7b4a02c88', 'object': 'text_completion', 'created': 1729377137, 'model': 'C:\\Users\\crossfire234\\.cache\\huggingface\\hub\\models--TheBloke--Mistral-7B-Instruct-v0.2-GGUF\\snapshots\\3a6fbf4a41a1d52e415a4958cde6856d34b2db93\\mistral-7b-instruct-v0.2.Q2_K.gguf', 'choices': [{'text': 'Q: Name all the planets in the solar system A: Here are the eight planets in our solar system, listed in order from the sun:\n\n1. Mercury: The smallest planet and closest to the sun.\n2. Venus: The second planet from the sun, known for its thick atmosphere and extreme temperature fluctuations.\n3. Earth: Our home planet, with liquid water on its surface and a stable climate.\n4. Mars: The fourth planet from the sun, known as the ""Red Planet"" due to its reddish appearance from iron oxide (rust).\n5. Jupiter: The fifth planet from the sun and the largest planet in the solar system.\n6. Saturn: The sixth planet from the sun, known for its prominent ring system.\n7. Uranus: The seventh planet from the sun, with an axial tilt causing extreme seasons.\n8. Neptune: The eighth and farthest planet from the sun, known for its strong winds and extreme cold temperatures.', 'index': 0, 'logprobs': None, 'finish_reason': 'stop'}], 'usage': {'prompt_tokens': 13, 'completion_tokens': 202, 'total_tokens': 215}}","Q: Name all the planets in the solar system A: Here are the eight planets in our solar system, listed in order from the sun:

1. Mercury: The smallest planet and closest to the sun.
2. Venus: The second planet from the sun, known for its thick atmosphere and extreme temperature fluctuations.
3. Earth: Our home planet, with liquid water on its surface and a stable climate.
4. Mars: The fourth planet from the sun, known as the ""Red Planet"" due to its reddish appearance from iron oxide (rust).
5. Jupiter: The fifth planet from the sun and the largest planet in the solar system.
6. Saturn: The sixth planet from the sun, known for its prominent ring system.
7. Uranus: The seventh planet from the sun, with an axial tilt causing extreme seasons.
8. Neptune: The eighth and farthest planet from the sun, known for its strong winds and extreme cold temperatures.",69.1864082813263,desktop,TheBloke/Mistral-7B-Instruct-v0.2-GGUF,mistral-7b-instruct-v0.2.Q2_K.gguf,2024-10-19 18:41:01,True
22,4096,1024,Q: Name all the planets in the solar system A:,"{'id': 'cmpl-caadd5ff-8db3-49de-b6dc-67bf660f3280', 'object': 'text_completion', 'created': 1729377160, 'model': 'C:\\Users\\crossfire234\\.cache\\huggingface\\hub\\models--TheBloke--Mistral-7B-Instruct-v0.2-GGUF\\snapshots\\3a6fbf4a41a1d52e415a4958cde6856d34b2db93\\mistral-7b-instruct-v0.2.Q2_K.gguf', 'choices': [{'text': 'Q: Name all the planets in the solar system A: Here are the eight planets in our solar system, listed in order from the sun:\n\n1. Mercury: The smallest planet and closest to the sun.\n2. Venus: The second planet from the sun, known for its thick atmosphere and extreme temperature fluctuations.\n3. Earth: Our home planet, with liquid water on its surface and a stable climate.\n4. Mars: The fourth planet from the sun, known as the ""Red Planet"" due to its reddish appearance from iron oxide (rust).\n5. Jupiter: The fifth planet from the sun and the largest planet in the solar system.\n6. Saturn: The sixth planet from the sun, known for its prominent ring system.\n7. Uranus: The seventh planet from the sun, with an axial tilt causing extreme seasons.\n8. Neptune: The eighth and farthest planet from the sun, known for its strong winds and extreme cold temperatures.', 'index': 0, 'logprobs': None, 'finish_reason': 'stop'}], 'usage': {'prompt_tokens': 13, 'completion_tokens': 202, 'total_tokens': 215}}","Q: Name all the planets in the solar system A: Here are the eight planets in our solar system, listed in order from the sun:

1. Mercury: The smallest planet and closest to the sun.
2. Venus: The second planet from the sun, known for its thick atmosphere and extreme temperature fluctuations.
3. Earth: Our home planet, with liquid water on its surface and a stable climate.
4. Mars: The fourth planet from the sun, known as the ""Red Planet"" due to its reddish appearance from iron oxide (rust).
5. Jupiter: The fifth planet from the sun and the largest planet in the solar system.
6. Saturn: The sixth planet from the sun, known for its prominent ring system.
7. Uranus: The seventh planet from the sun, with an axial tilt causing extreme seasons.
8. Neptune: The eighth and farthest planet from the sun, known for its strong winds and extreme cold temperatures.",92.94373226165771,desktop,TheBloke/Mistral-7B-Instruct-v0.2-GGUF,mistral-7b-instruct-v0.2.Q2_K.gguf,2024-10-19 18:41:01,True
23,4096,2048,Q: Name all the planets in the solar system A:,"{'id': 'cmpl-1c474950-e48b-4bad-a15e-f2da705a4ec2', 'object': 'text_completion', 'created': 1729377184, 'model': 'C:\\Users\\crossfire234\\.cache\\huggingface\\hub\\models--TheBloke--Mistral-7B-Instruct-v0.2-GGUF\\snapshots\\3a6fbf4a41a1d52e415a4958cde6856d34b2db93\\mistral-7b-instruct-v0.2.Q2_K.gguf', 'choices': [{'text': 'Q: Name all the planets in the solar system A: Here are the eight planets in our solar system, listed in order from the sun:\n\n1. Mercury: The smallest planet and closest to the sun.\n2. Venus: The second planet from the sun, known for its thick atmosphere and extreme temperature fluctuations.\n3. Earth: Our home planet, with liquid water on its surface and a stable climate.\n4. Mars: The fourth planet from the sun, known as the ""Red Planet"" due to its reddish appearance from iron oxide (rust).\n5. Jupiter: The fifth planet from the sun and the largest planet in the solar system.\n6. Saturn: The sixth planet from the sun, known for its prominent ring system.\n7. Uranus: The seventh planet from the sun, with an axial tilt causing extreme seasons.\n8. Neptune: The eighth and farthest planet from the sun, known for its strong winds and extreme cold temperatures.', 'index': 0, 'logprobs': None, 'finish_reason': 'stop'}], 'usage': {'prompt_tokens': 13, 'completion_tokens': 202, 'total_tokens': 215}}","Q: Name all the planets in the solar system A: Here are the eight planets in our solar system, listed in order from the sun:

1. Mercury: The smallest planet and closest to the sun.
2. Venus: The second planet from the sun, known for its thick atmosphere and extreme temperature fluctuations.
3. Earth: Our home planet, with liquid water on its surface and a stable climate.
4. Mars: The fourth planet from the sun, known as the ""Red Planet"" due to its reddish appearance from iron oxide (rust).
5. Jupiter: The fifth planet from the sun and the largest planet in the solar system.
6. Saturn: The sixth planet from the sun, known for its prominent ring system.
7. Uranus: The seventh planet from the sun, with an axial tilt causing extreme seasons.
8. Neptune: The eighth and farthest planet from the sun, known for its strong winds and extreme cold temperatures.",115.97808027267456,desktop,TheBloke/Mistral-7B-Instruct-v0.2-GGUF,mistral-7b-instruct-v0.2.Q2_K.gguf,2024-10-19 18:41:01,True
24,8192,64,Q: Name all the planets in the solar system A:,"{'id': 'cmpl-e0f2e96f-c26b-4020-bb6a-18b217b19898', 'object': 'text_completion', 'created': 1729377207, 'model': 'C:\\Users\\crossfire234\\.cache\\huggingface\\hub\\models--TheBloke--Mistral-7B-Instruct-v0.2-GGUF\\snapshots\\3a6fbf4a41a1d52e415a4958cde6856d34b2db93\\mistral-7b-instruct-v0.2.Q2_K.gguf', 'choices': [{'text': 'Q: Name all the planets in the solar system A: Here are the eight planets in our solar system, listed in order from the sun:\n\n1. Mercury: The smallest planet and closest to the sun.\n2. Venus: The second planet from the sun, known for its thick atmosphere and extreme temperature fluctuations.\n3. Earth: Our home planet', 'index': 0, 'logprobs': None, 'finish_reason': 'length'}], 'usage': {'prompt_tokens': 13, 'completion_tokens': 64, 'total_tokens': 77}}","Q: Name all the planets in the solar system A: Here are the eight planets in our solar system, listed in order from the sun:

1. Mercury: The smallest planet and closest to the sun.
2. Venus: The second planet from the sun, known for its thick atmosphere and extreme temperature fluctuations.
3. Earth: Our home planet",8.059506893157959,desktop,TheBloke/Mistral-7B-Instruct-v0.2-GGUF,mistral-7b-instruct-v0.2.Q2_K.gguf,2024-10-19 18:41:01,False
25,8192,128,Q: Name all the planets in the solar system A:,"{'id': 'cmpl-3221adf9-5bdd-4efc-a666-f0ff715b327a', 'object': 'text_completion', 'created': 1729377215, 'model': 'C:\\Users\\crossfire234\\.cache\\huggingface\\hub\\models--TheBloke--Mistral-7B-Instruct-v0.2-GGUF\\snapshots\\3a6fbf4a41a1d52e415a4958cde6856d34b2db93\\mistral-7b-instruct-v0.2.Q2_K.gguf', 'choices': [{'text': 'Q: Name all the planets in the solar system A: Here are the eight planets in our solar system, listed in order from the sun:\n\n1. Mercury: The smallest planet and closest to the sun.\n2. Venus: The second planet from the sun, known for its thick atmosphere and extreme temperature fluctuations.\n3. Earth: Our home planet, with liquid water on its surface and a stable climate.\n4. Mars: The fourth planet from the sun, known as the ""Red Planet"" due to its reddish appearance from iron oxide (rust).\n5. Jupiter: The fifth planet from the sun and the largest planet in the solar', 'index': 0, 'logprobs': None, 'finish_reason': 'length'}], 'usage': {'prompt_tokens': 13, 'completion_tokens': 128, 'total_tokens': 141}}","Q: Name all the planets in the solar system A: Here are the eight planets in our solar system, listed in order from the sun:

1. Mercury: The smallest planet and closest to the sun.
2. Venus: The second planet from the sun, known for its thick atmosphere and extreme temperature fluctuations.
3. Earth: Our home planet, with liquid water on its surface and a stable climate.
4. Mars: The fourth planet from the sun, known as the ""Red Planet"" due to its reddish appearance from iron oxide (rust).
5. Jupiter: The fifth planet from the sun and the largest planet in the solar",23.47223162651062,desktop,TheBloke/Mistral-7B-Instruct-v0.2-GGUF,mistral-7b-instruct-v0.2.Q2_K.gguf,2024-10-19 18:41:01,False
26,8192,256,Q: Name all the planets in the solar system A:,"{'id': 'cmpl-15cc82ee-9914-42d2-96d3-f61696f7343f', 'object': 'text_completion', 'created': 1729377231, 'model': 'C:\\Users\\crossfire234\\.cache\\huggingface\\hub\\models--TheBloke--Mistral-7B-Instruct-v0.2-GGUF\\snapshots\\3a6fbf4a41a1d52e415a4958cde6856d34b2db93\\mistral-7b-instruct-v0.2.Q2_K.gguf', 'choices': [{'text': 'Q: Name all the planets in the solar system A: Here are the eight planets in our solar system, listed in order from the sun:\n\n1. Mercury: The smallest planet and closest to the sun.\n2. Venus: The second planet from the sun, known for its thick atmosphere and extreme temperature fluctuations.\n3. Earth: Our home planet, with liquid water on its surface and a stable climate.\n4. Mars: The fourth planet from the sun, known as the ""Red Planet"" due to its reddish appearance from iron oxide (rust).\n5. Jupiter: The fifth planet from the sun and the largest planet in the solar system.\n6. Saturn: The sixth planet from the sun, known for its prominent ring system.\n7. Uranus: The seventh planet from the sun, with an axial tilt causing extreme seasons.\n8. Neptune: The eighth and farthest planet from the sun, known for its strong winds and extreme cold temperatures.', 'index': 0, 'logprobs': None, 'finish_reason': 'stop'}], 'usage': {'prompt_tokens': 13, 'completion_tokens': 202, 'total_tokens': 215}}","Q: Name all the planets in the solar system A: Here are the eight planets in our solar system, listed in order from the sun:

1. Mercury: The smallest planet and closest to the sun.
2. Venus: The second planet from the sun, known for its thick atmosphere and extreme temperature fluctuations.
3. Earth: Our home planet, with liquid water on its surface and a stable climate.
4. Mars: The fourth planet from the sun, known as the ""Red Planet"" due to its reddish appearance from iron oxide (rust).
5. Jupiter: The fifth planet from the sun and the largest planet in the solar system.
6. Saturn: The sixth planet from the sun, known for its prominent ring system.
7. Uranus: The seventh planet from the sun, with an axial tilt causing extreme seasons.
8. Neptune: The eighth and farthest planet from the sun, known for its strong winds and extreme cold temperatures.",48.31209135055542,desktop,TheBloke/Mistral-7B-Instruct-v0.2-GGUF,mistral-7b-instruct-v0.2.Q2_K.gguf,2024-10-19 18:41:01,True
27,8192,512,Q: Name all the planets in the solar system A:,"{'id': 'cmpl-6f92a34e-7fee-4c9b-ab09-23134cf3c136', 'object': 'text_completion', 'created': 1729377255, 'model': 'C:\\Users\\crossfire234\\.cache\\huggingface\\hub\\models--TheBloke--Mistral-7B-Instruct-v0.2-GGUF\\snapshots\\3a6fbf4a41a1d52e415a4958cde6856d34b2db93\\mistral-7b-instruct-v0.2.Q2_K.gguf', 'choices': [{'text': 'Q: Name all the planets in the solar system A: Here are the eight planets in our solar system, listed in order from the sun:\n\n1. Mercury: The smallest planet and closest to the sun.\n2. Venus: The second planet from the sun, known for its thick atmosphere and extreme temperature fluctuations.\n3. Earth: Our home planet, with liquid water on its surface and a stable climate.\n4. Mars: The fourth planet from the sun, known as the ""Red Planet"" due to its reddish appearance from iron oxide (rust).\n5. Jupiter: The fifth planet from the sun and the largest planet in the solar system.\n6. Saturn: The sixth planet from the sun, known for its prominent ring system.\n7. Uranus: The seventh planet from the sun, with an axial tilt causing extreme seasons.\n8. Neptune: The eighth and farthest planet from the sun, known for its strong winds and extreme cold temperatures.', 'index': 0, 'logprobs': None, 'finish_reason': 'stop'}], 'usage': {'prompt_tokens': 13, 'completion_tokens': 202, 'total_tokens': 215}}","Q: Name all the planets in the solar system A: Here are the eight planets in our solar system, listed in order from the sun:

1. Mercury: The smallest planet and closest to the sun.
2. Venus: The second planet from the sun, known for its thick atmosphere and extreme temperature fluctuations.
3. Earth: Our home planet, with liquid water on its surface and a stable climate.
4. Mars: The fourth planet from the sun, known as the ""Red Planet"" due to its reddish appearance from iron oxide (rust).
5. Jupiter: The fifth planet from the sun and the largest planet in the solar system.
6. Saturn: The sixth planet from the sun, known for its prominent ring system.
7. Uranus: The seventh planet from the sun, with an axial tilt causing extreme seasons.
8. Neptune: The eighth and farthest planet from the sun, known for its strong winds and extreme cold temperatures.",72.24868559837341,desktop,TheBloke/Mistral-7B-Instruct-v0.2-GGUF,mistral-7b-instruct-v0.2.Q2_K.gguf,2024-10-19 18:41:01,True
28,8192,1024,Q: Name all the planets in the solar system A:,"{'id': 'cmpl-580e02f6-5062-467d-83f2-bb647fdc19f2', 'object': 'text_completion', 'created': 1729377279, 'model': 'C:\\Users\\crossfire234\\.cache\\huggingface\\hub\\models--TheBloke--Mistral-7B-Instruct-v0.2-GGUF\\snapshots\\3a6fbf4a41a1d52e415a4958cde6856d34b2db93\\mistral-7b-instruct-v0.2.Q2_K.gguf', 'choices': [{'text': 'Q: Name all the planets in the solar system A: Here are the eight planets in our solar system, listed in order from the sun:\n\n1. Mercury: The smallest planet and closest to the sun.\n2. Venus: The second planet from the sun, known for its thick atmosphere and extreme temperature fluctuations.\n3. Earth: Our home planet, with liquid water on its surface and a stable climate.\n4. Mars: The fourth planet from the sun, known as the ""Red Planet"" due to its reddish appearance from iron oxide (rust).\n5. Jupiter: The fifth planet from the sun and the largest planet in the solar system.\n6. Saturn: The sixth planet from the sun, known for its prominent ring system.\n7. Uranus: The seventh planet from the sun, with an axial tilt causing extreme seasons.\n8. Neptune: The eighth and farthest planet from the sun, known for its strong winds and extreme cold temperatures.', 'index': 0, 'logprobs': None, 'finish_reason': 'stop'}], 'usage': {'prompt_tokens': 13, 'completion_tokens': 202, 'total_tokens': 215}}","Q: Name all the planets in the solar system A: Here are the eight planets in our solar system, listed in order from the sun:

1. Mercury: The smallest planet and closest to the sun.
2. Venus: The second planet from the sun, known for its thick atmosphere and extreme temperature fluctuations.
3. Earth: Our home planet, with liquid water on its surface and a stable climate.
4. Mars: The fourth planet from the sun, known as the ""Red Planet"" due to its reddish appearance from iron oxide (rust).
5. Jupiter: The fifth planet from the sun and the largest planet in the solar system.
6. Saturn: The sixth planet from the sun, known for its prominent ring system.
7. Uranus: The seventh planet from the sun, with an axial tilt causing extreme seasons.
8. Neptune: The eighth and farthest planet from the sun, known for its strong winds and extreme cold temperatures.",95.52998924255371,desktop,TheBloke/Mistral-7B-Instruct-v0.2-GGUF,mistral-7b-instruct-v0.2.Q2_K.gguf,2024-10-19 18:41:01,True
29,8192,2048,Q: Name all the planets in the solar system A:,"{'id': 'cmpl-9c08e393-7d83-4568-98f0-fff0bb21ead1', 'object': 'text_completion', 'created': 1729377303, 'model': 'C:\\Users\\crossfire234\\.cache\\huggingface\\hub\\models--TheBloke--Mistral-7B-Instruct-v0.2-GGUF\\snapshots\\3a6fbf4a41a1d52e415a4958cde6856d34b2db93\\mistral-7b-instruct-v0.2.Q2_K.gguf', 'choices': [{'text': 'Q: Name all the planets in the solar system A: Here are the eight planets in our solar system, listed in order from the sun:\n\n1. Mercury: The smallest planet and closest to the sun.\n2. Venus: The second planet from the sun, known for its thick atmosphere and extreme temperature fluctuations.\n3. Earth: Our home planet, with liquid water on its surface and a stable climate.\n4. Mars: The fourth planet from the sun, known as the ""Red Planet"" due to its reddish appearance from iron oxide (rust).\n5. Jupiter: The fifth planet from the sun and the largest planet in the solar system.\n6. Saturn: The sixth planet from the sun, known for its prominent ring system.\n7. Uranus: The seventh planet from the sun, with an axial tilt causing extreme seasons.\n8. Neptune: The eighth and farthest planet from the sun, known for its strong winds and extreme cold temperatures.', 'index': 0, 'logprobs': None, 'finish_reason': 'stop'}], 'usage': {'prompt_tokens': 13, 'completion_tokens': 202, 'total_tokens': 215}}","Q: Name all the planets in the solar system A: Here are the eight planets in our solar system, listed in order from the sun:

1. Mercury: The smallest planet and closest to the sun.
2. Venus: The second planet from the sun, known for its thick atmosphere and extreme temperature fluctuations.
3. Earth: Our home planet, with liquid water on its surface and a stable climate.
4. Mars: The fourth planet from the sun, known as the ""Red Planet"" due to its reddish appearance from iron oxide (rust).
5. Jupiter: The fifth planet from the sun and the largest planet in the solar system.
6. Saturn: The sixth planet from the sun, known for its prominent ring system.
7. Uranus: The seventh planet from the sun, with an axial tilt causing extreme seasons.
8. Neptune: The eighth and farthest planet from the sun, known for its strong winds and extreme cold temperatures.",118.76214027404785,desktop,TheBloke/Mistral-7B-Instruct-v0.2-GGUF,mistral-7b-instruct-v0.2.Q2_K.gguf,2024-10-19 18:41:01,True
30,16384,64,Q: Name all the planets in the solar system A:,"{'id': 'cmpl-0fb05a3f-aa27-4eb6-9685-64df679e9117', 'object': 'text_completion', 'created': 1729377326, 'model': 'C:\\Users\\crossfire234\\.cache\\huggingface\\hub\\models--TheBloke--Mistral-7B-Instruct-v0.2-GGUF\\snapshots\\3a6fbf4a41a1d52e415a4958cde6856d34b2db93\\mistral-7b-instruct-v0.2.Q2_K.gguf', 'choices': [{'text': 'Q: Name all the planets in the solar system A: Here are the eight planets in our solar system, listed in order from the sun:\n\n1. Mercury: The smallest planet and closest to the sun.\n2. Venus: The second planet from the sun, known for its thick atmosphere and extreme temperature fluctuations.\n3. Earth: Our home planet', 'index': 0, 'logprobs': None, 'finish_reason': 'length'}], 'usage': {'prompt_tokens': 13, 'completion_tokens': 64, 'total_tokens': 77}}","Q: Name all the planets in the solar system A: Here are the eight planets in our solar system, listed in order from the sun:

1. Mercury: The smallest planet and closest to the sun.
2. Venus: The second planet from the sun, known for its thick atmosphere and extreme temperature fluctuations.
3. Earth: Our home planet",8.281796216964722,desktop,TheBloke/Mistral-7B-Instruct-v0.2-GGUF,mistral-7b-instruct-v0.2.Q2_K.gguf,2024-10-19 18:41:01,False
31,16384,128,Q: Name all the planets in the solar system A:,"{'id': 'cmpl-d616aaab-5497-4c28-844a-e6e5d9fc8591', 'object': 'text_completion', 'created': 1729377334, 'model': 'C:\\Users\\crossfire234\\.cache\\huggingface\\hub\\models--TheBloke--Mistral-7B-Instruct-v0.2-GGUF\\snapshots\\3a6fbf4a41a1d52e415a4958cde6856d34b2db93\\mistral-7b-instruct-v0.2.Q2_K.gguf', 'choices': [{'text': 'Q: Name all the planets in the solar system A: Here are the eight planets in our solar system, listed in order from the sun:\n\n1. Mercury: The smallest planet and closest to the sun.\n2. Venus: The second planet from the sun, known for its thick atmosphere and extreme temperature fluctuations.\n3. Earth: Our home planet, with liquid water on its surface and a stable climate.\n4. Mars: The fourth planet from the sun, known as the ""Red Planet"" due to its reddish appearance from iron oxide (rust).\n5. Jupiter: The fifth planet from the sun and the largest planet in the solar', 'index': 0, 'logprobs': None, 'finish_reason': 'length'}], 'usage': {'prompt_tokens': 13, 'completion_tokens': 128, 'total_tokens': 141}}","Q: Name all the planets in the solar system A: Here are the eight planets in our solar system, listed in order from the sun:

1. Mercury: The smallest planet and closest to the sun.
2. Venus: The second planet from the sun, known for its thick atmosphere and extreme temperature fluctuations.
3. Earth: Our home planet, with liquid water on its surface and a stable climate.
4. Mars: The fourth planet from the sun, known as the ""Red Planet"" due to its reddish appearance from iron oxide (rust).
5. Jupiter: The fifth planet from the sun and the largest planet in the solar",23.564612865447998,desktop,TheBloke/Mistral-7B-Instruct-v0.2-GGUF,mistral-7b-instruct-v0.2.Q2_K.gguf,2024-10-19 18:41:01,False
32,16384,256,Q: Name all the planets in the solar system A:,"{'id': 'cmpl-07886a56-96fb-4617-b6d9-fd8161ea27a9', 'object': 'text_completion', 'created': 1729377350, 'model': 'C:\\Users\\crossfire234\\.cache\\huggingface\\hub\\models--TheBloke--Mistral-7B-Instruct-v0.2-GGUF\\snapshots\\3a6fbf4a41a1d52e415a4958cde6856d34b2db93\\mistral-7b-instruct-v0.2.Q2_K.gguf', 'choices': [{'text': 'Q: Name all the planets in the solar system A: Here are the eight planets in our solar system, listed in order from the sun:\n\n1. Mercury: The smallest planet and closest to the sun.\n2. Venus: The second planet from the sun, known for its thick atmosphere and extreme temperature fluctuations.\n3. Earth: Our home planet, with liquid water on its surface and a stable climate.\n4. Mars: The fourth planet from the sun, known as the ""Red Planet"" due to its reddish appearance from iron oxide (rust).\n5. Jupiter: The fifth planet from the sun and the largest planet in the solar system.\n6. Saturn: The sixth planet from the sun, known for its prominent ring system.\n7. Uranus: The seventh planet from the sun, with an axial tilt causing extreme seasons.\n8. Neptune: The eighth and farthest planet from the sun, known for its strong winds and extreme cold temperatures.', 'index': 0, 'logprobs': None, 'finish_reason': 'stop'}], 'usage': {'prompt_tokens': 13, 'completion_tokens': 202, 'total_tokens': 215}}","Q: Name all the planets in the solar system A: Here are the eight planets in our solar system, listed in order from the sun:

1. Mercury: The smallest planet and closest to the sun.
2. Venus: The second planet from the sun, known for its thick atmosphere and extreme temperature fluctuations.
3. Earth: Our home planet, with liquid water on its surface and a stable climate.
4. Mars: The fourth planet from the sun, known as the ""Red Planet"" due to its reddish appearance from iron oxide (rust).
5. Jupiter: The fifth planet from the sun and the largest planet in the solar system.
6. Saturn: The sixth planet from the sun, known for its prominent ring system.
7. Uranus: The seventh planet from the sun, with an axial tilt causing extreme seasons.
8. Neptune: The eighth and farthest planet from the sun, known for its strong winds and extreme cold temperatures.",47.190871477127075,desktop,TheBloke/Mistral-7B-Instruct-v0.2-GGUF,mistral-7b-instruct-v0.2.Q2_K.gguf,2024-10-19 18:41:01,True
33,16384,512,Q: Name all the planets in the solar system A:,"{'id': 'cmpl-d5ff4da6-ca9f-4875-a035-ff1b50c5a51c', 'object': 'text_completion', 'created': 1729377373, 'model': 'C:\\Users\\crossfire234\\.cache\\huggingface\\hub\\models--TheBloke--Mistral-7B-Instruct-v0.2-GGUF\\snapshots\\3a6fbf4a41a1d52e415a4958cde6856d34b2db93\\mistral-7b-instruct-v0.2.Q2_K.gguf', 'choices': [{'text': 'Q: Name all the planets in the solar system A: Here are the eight planets in our solar system, listed in order from the sun:\n\n1. Mercury: The smallest planet and closest to the sun.\n2. Venus: The second planet from the sun, known for its thick atmosphere and extreme temperature fluctuations.\n3. Earth: Our home planet, with liquid water on its surface and a stable climate.\n4. Mars: The fourth planet from the sun, known as the ""Red Planet"" due to its reddish appearance from iron oxide (rust).\n5. Jupiter: The fifth planet from the sun and the largest planet in the solar system.\n6. Saturn: The sixth planet from the sun, known for its prominent ring system.\n7. Uranus: The seventh planet from the sun, with an axial tilt causing extreme seasons.\n8. Neptune: The eighth and farthest planet from the sun, known for its strong winds and extreme cold temperatures.', 'index': 0, 'logprobs': None, 'finish_reason': 'stop'}], 'usage': {'prompt_tokens': 13, 'completion_tokens': 202, 'total_tokens': 215}}","Q: Name all the planets in the solar system A: Here are the eight planets in our solar system, listed in order from the sun:

1. Mercury: The smallest planet and closest to the sun.
2. Venus: The second planet from the sun, known for its thick atmosphere and extreme temperature fluctuations.
3. Earth: Our home planet, with liquid water on its surface and a stable climate.
4. Mars: The fourth planet from the sun, known as the ""Red Planet"" due to its reddish appearance from iron oxide (rust).
5. Jupiter: The fifth planet from the sun and the largest planet in the solar system.
6. Saturn: The sixth planet from the sun, known for its prominent ring system.
7. Uranus: The seventh planet from the sun, with an axial tilt causing extreme seasons.
8. Neptune: The eighth and farthest planet from the sun, known for its strong winds and extreme cold temperatures.",71.05800676345825,desktop,TheBloke/Mistral-7B-Instruct-v0.2-GGUF,mistral-7b-instruct-v0.2.Q2_K.gguf,2024-10-19 18:41:01,True
34,16384,1024,Q: Name all the planets in the solar system A:,"{'id': 'cmpl-17336306-bd5b-44a5-99cd-45f6040bec7a', 'object': 'text_completion', 'created': 1729377397, 'model': 'C:\\Users\\crossfire234\\.cache\\huggingface\\hub\\models--TheBloke--Mistral-7B-Instruct-v0.2-GGUF\\snapshots\\3a6fbf4a41a1d52e415a4958cde6856d34b2db93\\mistral-7b-instruct-v0.2.Q2_K.gguf', 'choices': [{'text': 'Q: Name all the planets in the solar system A: Here are the eight planets in our solar system, listed in order from the sun:\n\n1. Mercury: The smallest planet and closest to the sun.\n2. Venus: The second planet from the sun, known for its thick atmosphere and extreme temperature fluctuations.\n3. Earth: Our home planet, with liquid water on its surface and a stable climate.\n4. Mars: The fourth planet from the sun, known as the ""Red Planet"" due to its reddish appearance from iron oxide (rust).\n5. Jupiter: The fifth planet from the sun and the largest planet in the solar system.\n6. Saturn: The sixth planet from the sun, known for its prominent ring system.\n7. Uranus: The seventh planet from the sun, with an axial tilt causing extreme seasons.\n8. Neptune: The eighth and farthest planet from the sun, known for its strong winds and extreme cold temperatures.', 'index': 0, 'logprobs': None, 'finish_reason': 'stop'}], 'usage': {'prompt_tokens': 13, 'completion_tokens': 202, 'total_tokens': 215}}","Q: Name all the planets in the solar system A: Here are the eight planets in our solar system, listed in order from the sun:

1. Mercury: The smallest planet and closest to the sun.
2. Venus: The second planet from the sun, known for its thick atmosphere and extreme temperature fluctuations.
3. Earth: Our home planet, with liquid water on its surface and a stable climate.
4. Mars: The fourth planet from the sun, known as the ""Red Planet"" due to its reddish appearance from iron oxide (rust).
5. Jupiter: The fifth planet from the sun and the largest planet in the solar system.
6. Saturn: The sixth planet from the sun, known for its prominent ring system.
7. Uranus: The seventh planet from the sun, with an axial tilt causing extreme seasons.
8. Neptune: The eighth and farthest planet from the sun, known for its strong winds and extreme cold temperatures.",95.44609427452087,desktop,TheBloke/Mistral-7B-Instruct-v0.2-GGUF,mistral-7b-instruct-v0.2.Q2_K.gguf,2024-10-19 18:41:01,True
35,16384,2048,Q: Name all the planets in the solar system A:,"{'id': 'cmpl-2e8c36a1-eb00-41a9-a364-135315a09152', 'object': 'text_completion', 'created': 1729377422, 'model': 'C:\\Users\\crossfire234\\.cache\\huggingface\\hub\\models--TheBloke--Mistral-7B-Instruct-v0.2-GGUF\\snapshots\\3a6fbf4a41a1d52e415a4958cde6856d34b2db93\\mistral-7b-instruct-v0.2.Q2_K.gguf', 'choices': [{'text': 'Q: Name all the planets in the solar system A: Here are the eight planets in our solar system, listed in order from the sun:\n\n1. Mercury: The smallest planet and closest to the sun.\n2. Venus: The second planet from the sun, known for its thick atmosphere and extreme temperature fluctuations.\n3. Earth: Our home planet, with liquid water on its surface and a stable climate.\n4. Mars: The fourth planet from the sun, known as the ""Red Planet"" due to its reddish appearance from iron oxide (rust).\n5. Jupiter: The fifth planet from the sun and the largest planet in the solar system.\n6. Saturn: The sixth planet from the sun, known for its prominent ring system.\n7. Uranus: The seventh planet from the sun, with an axial tilt causing extreme seasons.\n8. Neptune: The eighth and farthest planet from the sun, known for its strong winds and extreme cold temperatures.', 'index': 0, 'logprobs': None, 'finish_reason': 'stop'}], 'usage': {'prompt_tokens': 13, 'completion_tokens': 202, 'total_tokens': 215}}","Q: Name all the planets in the solar system A: Here are the eight planets in our solar system, listed in order from the sun:

1. Mercury: The smallest planet and closest to the sun.
2. Venus: The second planet from the sun, known for its thick atmosphere and extreme temperature fluctuations.
3. Earth: Our home planet, with liquid water on its surface and a stable climate.
4. Mars: The fourth planet from the sun, known as the ""Red Planet"" due to its reddish appearance from iron oxide (rust).
5. Jupiter: The fifth planet from the sun and the largest planet in the solar system.
6. Saturn: The sixth planet from the sun, known for its prominent ring system.
7. Uranus: The seventh planet from the sun, with an axial tilt causing extreme seasons.
8. Neptune: The eighth and farthest planet from the sun, known for its strong winds and extreme cold temperatures.",119.01577639579773,desktop,TheBloke/Mistral-7B-Instruct-v0.2-GGUF,mistral-7b-instruct-v0.2.Q2_K.gguf,2024-10-19 18:41:01,True
36,32768,64,Q: Name all the planets in the solar system A:,"{'id': 'cmpl-3a006bb1-e20b-4469-a5a8-886e230ea01b', 'object': 'text_completion', 'created': 1729377446, 'model': 'C:\\Users\\crossfire234\\.cache\\huggingface\\hub\\models--TheBloke--Mistral-7B-Instruct-v0.2-GGUF\\snapshots\\3a6fbf4a41a1d52e415a4958cde6856d34b2db93\\mistral-7b-instruct-v0.2.Q2_K.gguf', 'choices': [{'text': 'Q: Name all the planets in the solar system A: Here are the eight planets in our solar system, listed in order from the sun:\n\n1. Mercury: The smallest planet and closest to the sun.\n2. Venus: The second planet from the sun, known for its thick atmosphere and extreme temperature fluctuations.\n3. Earth: Our home planet', 'index': 0, 'logprobs': None, 'finish_reason': 'length'}], 'usage': {'prompt_tokens': 13, 'completion_tokens': 64, 'total_tokens': 77}}","Q: Name all the planets in the solar system A: Here are the eight planets in our solar system, listed in order from the sun:

1. Mercury: The smallest planet and closest to the sun.
2. Venus: The second planet from the sun, known for its thick atmosphere and extreme temperature fluctuations.
3. Earth: Our home planet",8.739010334014893,desktop,TheBloke/Mistral-7B-Instruct-v0.2-GGUF,mistral-7b-instruct-v0.2.Q2_K.gguf,2024-10-19 18:41:01,False
37,32768,128,Q: Name all the planets in the solar system A:,"{'id': 'cmpl-a983f3b0-7c47-47be-991f-fdf5933bdeb0', 'object': 'text_completion', 'created': 1729377454, 'model': 'C:\\Users\\crossfire234\\.cache\\huggingface\\hub\\models--TheBloke--Mistral-7B-Instruct-v0.2-GGUF\\snapshots\\3a6fbf4a41a1d52e415a4958cde6856d34b2db93\\mistral-7b-instruct-v0.2.Q2_K.gguf', 'choices': [{'text': 'Q: Name all the planets in the solar system A: Here are the eight planets in our solar system, listed in order from the sun:\n\n1. Mercury: The smallest planet and closest to the sun.\n2. Venus: The second planet from the sun, known for its thick atmosphere and extreme temperature fluctuations.\n3. Earth: Our home planet, with liquid water on its surface and a stable climate.\n4. Mars: The fourth planet from the sun, known as the ""Red Planet"" due to its reddish appearance from iron oxide (rust).\n5. Jupiter: The fifth planet from the sun and the largest planet in the solar', 'index': 0, 'logprobs': None, 'finish_reason': 'length'}], 'usage': {'prompt_tokens': 13, 'completion_tokens': 128, 'total_tokens': 141}}","Q: Name all the planets in the solar system A: Here are the eight planets in our solar system, listed in order from the sun:

1. Mercury: The smallest planet and closest to the sun.
2. Venus: The second planet from the sun, known for its thick atmosphere and extreme temperature fluctuations.
3. Earth: Our home planet, with liquid water on its surface and a stable climate.
4. Mars: The fourth planet from the sun, known as the ""Red Planet"" due to its reddish appearance from iron oxide (rust).
5. Jupiter: The fifth planet from the sun and the largest planet in the solar",24.587037801742554,desktop,TheBloke/Mistral-7B-Instruct-v0.2-GGUF,mistral-7b-instruct-v0.2.Q2_K.gguf,2024-10-19 18:41:01,False
38,32768,256,Q: Name all the planets in the solar system A:,"{'id': 'cmpl-cf82c758-e416-4d97-8cd9-f3cc80f2b09d', 'object': 'text_completion', 'created': 1729377470, 'model': 'C:\\Users\\crossfire234\\.cache\\huggingface\\hub\\models--TheBloke--Mistral-7B-Instruct-v0.2-GGUF\\snapshots\\3a6fbf4a41a1d52e415a4958cde6856d34b2db93\\mistral-7b-instruct-v0.2.Q2_K.gguf', 'choices': [{'text': 'Q: Name all the planets in the solar system A: Here are the eight planets in our solar system, listed in order from the sun:\n\n1. Mercury: The smallest planet and closest to the sun.\n2. Venus: The second planet from the sun, known for its thick atmosphere and extreme temperature fluctuations.\n3. Earth: Our home planet, with liquid water on its surface and a stable climate.\n4. Mars: The fourth planet from the sun, known as the ""Red Planet"" due to its reddish appearance from iron oxide (rust).\n5. Jupiter: The fifth planet from the sun and the largest planet in the solar system.\n6. Saturn: The sixth planet from the sun, known for its prominent ring system.\n7. Uranus: The seventh planet from the sun, with an axial tilt causing extreme seasons.\n8. Neptune: The eighth and farthest planet from the sun, known for its strong winds and extreme cold temperatures.', 'index': 0, 'logprobs': None, 'finish_reason': 'stop'}], 'usage': {'prompt_tokens': 13, 'completion_tokens': 202, 'total_tokens': 215}}","Q: Name all the planets in the solar system A: Here are the eight planets in our solar system, listed in order from the sun:

1. Mercury: The smallest planet and closest to the sun.
2. Venus: The second planet from the sun, known for its thick atmosphere and extreme temperature fluctuations.
3. Earth: Our home planet, with liquid water on its surface and a stable climate.
4. Mars: The fourth planet from the sun, known as the ""Red Planet"" due to its reddish appearance from iron oxide (rust).
5. Jupiter: The fifth planet from the sun and the largest planet in the solar system.
6. Saturn: The sixth planet from the sun, known for its prominent ring system.
7. Uranus: The seventh planet from the sun, with an axial tilt causing extreme seasons.
8. Neptune: The eighth and farthest planet from the sun, known for its strong winds and extreme cold temperatures.",48.797420263290405,desktop,TheBloke/Mistral-7B-Instruct-v0.2-GGUF,mistral-7b-instruct-v0.2.Q2_K.gguf,2024-10-19 18:41:01,True
39,32768,512,Q: Name all the planets in the solar system A:,"{'id': 'cmpl-573da9eb-f51b-415b-b8f2-cc9555dbb696', 'object': 'text_completion', 'created': 1729377494, 'model': 'C:\\Users\\crossfire234\\.cache\\huggingface\\hub\\models--TheBloke--Mistral-7B-Instruct-v0.2-GGUF\\snapshots\\3a6fbf4a41a1d52e415a4958cde6856d34b2db93\\mistral-7b-instruct-v0.2.Q2_K.gguf', 'choices': [{'text': 'Q: Name all the planets in the solar system A: Here are the eight planets in our solar system, listed in order from the sun:\n\n1. Mercury: The smallest planet and closest to the sun.\n2. Venus: The second planet from the sun, known for its thick atmosphere and extreme temperature fluctuations.\n3. Earth: Our home planet, with liquid water on its surface and a stable climate.\n4. Mars: The fourth planet from the sun, known as the ""Red Planet"" due to its reddish appearance from iron oxide (rust).\n5. Jupiter: The fifth planet from the sun and the largest planet in the solar system.\n6. Saturn: The sixth planet from the sun, known for its prominent ring system.\n7. Uranus: The seventh planet from the sun, with an axial tilt causing extreme seasons.\n8. Neptune: The eighth and farthest planet from the sun, known for its strong winds and extreme cold temperatures.', 'index': 0, 'logprobs': None, 'finish_reason': 'stop'}], 'usage': {'prompt_tokens': 13, 'completion_tokens': 202, 'total_tokens': 215}}","Q: Name all the planets in the solar system A: Here are the eight planets in our solar system, listed in order from the sun:

1. Mercury: The smallest planet and closest to the sun.
2. Venus: The second planet from the sun, known for its thick atmosphere and extreme temperature fluctuations.
3. Earth: Our home planet, with liquid water on its surface and a stable climate.
4. Mars: The fourth planet from the sun, known as the ""Red Planet"" due to its reddish appearance from iron oxide (rust).
5. Jupiter: The fifth planet from the sun and the largest planet in the solar system.
6. Saturn: The sixth planet from the sun, known for its prominent ring system.
7. Uranus: The seventh planet from the sun, with an axial tilt causing extreme seasons.
8. Neptune: The eighth and farthest planet from the sun, known for its strong winds and extreme cold temperatures.",74.75961232185364,desktop,TheBloke/Mistral-7B-Instruct-v0.2-GGUF,mistral-7b-instruct-v0.2.Q2_K.gguf,2024-10-19 18:41:01,True
40,32768,1024,Q: Name all the planets in the solar system A:,"{'id': 'cmpl-f099e5ec-0ce4-4e9f-8f33-57e54619d494', 'object': 'text_completion', 'created': 1729377520, 'model': 'C:\\Users\\crossfire234\\.cache\\huggingface\\hub\\models--TheBloke--Mistral-7B-Instruct-v0.2-GGUF\\snapshots\\3a6fbf4a41a1d52e415a4958cde6856d34b2db93\\mistral-7b-instruct-v0.2.Q2_K.gguf', 'choices': [{'text': 'Q: Name all the planets in the solar system A: Here are the eight planets in our solar system, listed in order from the sun:\n\n1. Mercury: The smallest planet and closest to the sun.\n2. Venus: The second planet from the sun, known for its thick atmosphere and extreme temperature fluctuations.\n3. Earth: Our home planet, with liquid water on its surface and a stable climate.\n4. Mars: The fourth planet from the sun, known as the ""Red Planet"" due to its reddish appearance from iron oxide (rust).\n5. Jupiter: The fifth planet from the sun and the largest planet in the solar system.\n6. Saturn: The sixth planet from the sun, known for its prominent ring system.\n7. Uranus: The seventh planet from the sun, with an axial tilt causing extreme seasons.\n8. Neptune: The eighth and farthest planet from the sun, known for its strong winds and extreme cold temperatures.', 'index': 0, 'logprobs': None, 'finish_reason': 'stop'}], 'usage': {'prompt_tokens': 13, 'completion_tokens': 202, 'total_tokens': 215}}","Q: Name all the planets in the solar system A: Here are the eight planets in our solar system, listed in order from the sun:

1. Mercury: The smallest planet and closest to the sun.
2. Venus: The second planet from the sun, known for its thick atmosphere and extreme temperature fluctuations.
3. Earth: Our home planet, with liquid water on its surface and a stable climate.
4. Mars: The fourth planet from the sun, known as the ""Red Planet"" due to its reddish appearance from iron oxide (rust).
5. Jupiter: The fifth planet from the sun and the largest planet in the solar system.
6. Saturn: The sixth planet from the sun, known for its prominent ring system.
7. Uranus: The seventh planet from the sun, with an axial tilt causing extreme seasons.
8. Neptune: The eighth and farthest planet from the sun, known for its strong winds and extreme cold temperatures.",99.3939208984375,desktop,TheBloke/Mistral-7B-Instruct-v0.2-GGUF,mistral-7b-instruct-v0.2.Q2_K.gguf,2024-10-19 18:41:01,True
41,32768,2048,Q: Name all the planets in the solar system A:,"{'id': 'cmpl-d7eb269a-e509-45bc-ba30-5dfed8170c60', 'object': 'text_completion', 'created': 1729377545, 'model': 'C:\\Users\\crossfire234\\.cache\\huggingface\\hub\\models--TheBloke--Mistral-7B-Instruct-v0.2-GGUF\\snapshots\\3a6fbf4a41a1d52e415a4958cde6856d34b2db93\\mistral-7b-instruct-v0.2.Q2_K.gguf', 'choices': [{'text': 'Q: Name all the planets in the solar system A: Here are the eight planets in our solar system, listed in order from the sun:\n\n1. Mercury: The smallest planet and closest to the sun.\n2. Venus: The second planet from the sun, known for its thick atmosphere and extreme temperature fluctuations.\n3. Earth: Our home planet, with liquid water on its surface and a stable climate.\n4. Mars: The fourth planet from the sun, known as the ""Red Planet"" due to its reddish appearance from iron oxide (rust).\n5. Jupiter: The fifth planet from the sun and the largest planet in the solar system.\n6. Saturn: The sixth planet from the sun, known for its prominent ring system.\n7. Uranus: The seventh planet from the sun, with an axial tilt causing extreme seasons.\n8. Neptune: The eighth and farthest planet from the sun, known for its strong winds and extreme cold temperatures.', 'index': 0, 'logprobs': None, 'finish_reason': 'stop'}], 'usage': {'prompt_tokens': 13, 'completion_tokens': 202, 'total_tokens': 215}}","Q: Name all the planets in the solar system A: Here are the eight planets in our solar system, listed in order from the sun:

1. Mercury: The smallest planet and closest to the sun.
2. Venus: The second planet from the sun, known for its thick atmosphere and extreme temperature fluctuations.
3. Earth: Our home planet, with liquid water on its surface and a stable climate.
4. Mars: The fourth planet from the sun, known as the ""Red Planet"" due to its reddish appearance from iron oxide (rust).
5. Jupiter: The fifth planet from the sun and the largest planet in the solar system.
6. Saturn: The sixth planet from the sun, known for its prominent ring system.
7. Uranus: The seventh planet from the sun, with an axial tilt causing extreme seasons.
8. Neptune: The eighth and farthest planet from the sun, known for its strong winds and extreme cold temperatures.",123.64003133773804,desktop,TheBloke/Mistral-7B-Instruct-v0.2-GGUF,mistral-7b-instruct-v0.2.Q2_K.gguf,2024-10-19 18:41:01,True
